,Superclass,Feature selection,Sampling strategy,Multiplying factor,Train positive size,Train negative size,Balanced accuracy (cv-train),Balanced accuracy (cv-val),Balanced accuracy (test)
0,Acetylides,No,None,,14,193246,0.9995083987185103,0.8577563483030307,0.7136553297511482
1,Alkaloids and derivatives,No,None,,1092,192168,0.9822030723117271,0.9175170558179175,0.9302226668673472
2,Allenes,No,None,,7,193253,0.9988266677095506,0.9432465316666683,0.9979986132123047
3,Benzenoids,No,None,,10146,183114,0.9437549590132627,0.9031070596816865,0.9012798588902899
4,Hydrocarbon derivatives,No,None,,35,193225,0.9963733969621632,0.8824329872015291,0.7598269431564789
5,Hydrocarbons,No,None,,612,192648,0.9985803122793904,0.9969437299441184,0.9935582103170479
6,"Lignans, neolignans and related compounds",No,None,,286,192974,0.9855926244042834,0.9376380072351941,0.9329888946540181
7,Lipids and lipid-like molecules,No,None,,133382,59878,0.9814733301532205,0.9698765068723395,0.9706897580521074
8,"Nucleosides, nucleotides, and analogues",No,None,,935,192325,0.979038084030616,0.9664077267393304,0.9719323212099272
9,"Organic 1,3-dipolar compounds",No,None,,66,193194,0.9837262026771018,0.8922813808446902,0.91138670900951
10,Organic Polymers,No,None,,1635,191625,0.9983861709067189,0.9960745914049923,0.983921032756125
11,Organic acids and derivatives,No,None,,12177,181083,0.9668901205411616,0.9245677002003673,0.9206112817124839
12,Organic compounds - Unspecified,No,None,,19,193241,0.9953878905699423,0.8602046087958733,0.6975887031530728
13,Organic nitrogen compounds,No,None,,1200,192060,0.9757692908466105,0.9215742476309486,0.918342706190771
14,Organic oxygen compounds,No,None,,8094,185166,0.9562505028745588,0.8847479288253819,0.8907888666131286
15,Organic salts,No,None,,43,193217,0.9993051856427805,0.9872619782157718,0.9983344892083308
16,Organohalogen compounds,No,None,,218,193042,0.9977712112923323,0.9858765515260745,0.9838498843521088
17,Organoheterocyclic compounds,No,None,,14296,178964,0.9352975731474399,0.9035259123823352,0.9061792241817612
18,Organometallic compounds,No,None,,77,193183,0.99843671493014,0.9979967182581962,0.9981607987388335
19,Organophosphorus compounds,No,None,,27,193233,0.9995213032970559,0.9809225707364223,0.9995797171496417
20,Organosulfur compounds,No,None,,481,192779,0.970305376991052,0.9465784894995689,0.9489473516742166
21,Phenylpropanoids and polyketides,No,None,,8418,184842,0.9780149630672611,0.9374537250950925,0.9389645790383623
22,Acetylides,No,stratf,1.3,14,65,0.9807963354474983,0.9617604617604618,0.984375
23,Alkaloids and derivatives,No,stratf,1.3,1092,1419,0.9952431289640592,0.9372497657381379,0.9397149708588434
24,Allenes,No,stratf,1.3,7,65,1.0,0.9924242424242425,1.0
25,Benzenoids,No,stratf,1.3,10146,13189,0.9763421499397239,0.9053170368806072,0.90218107097088
26,Hydrocarbon derivatives,No,stratf,1.3,35,65,1.0,0.9312770562770561,0.8741776315789473
27,Hydrocarbons,No,stratf,1.3,612,795,0.9996855345911949,0.9993710691823899,0.9937900591066664
28,"Lignans, neolignans and related compounds",No,stratf,1.3,286,371,0.9959595794697661,0.950531883077744,0.9395955395955395
29,Lipids and lipid-like molecules,No,stratf,1.3,133382,59878,0.9814733301532205,0.9698765068723395,0.9706897580521074
30,"Nucleosides, nucleotides, and analogues",No,stratf,1.3,935,1215,0.9997942386831276,0.975021197029057,0.9783745674553787
31,"Organic 1,3-dipolar compounds",No,stratf,1.3,66,85,1.0,0.9495447081653978,0.9372294372294372
32,Organic Polymers,No,stratf,1.3,1635,2125,0.9996471418489769,0.9971060638371316,0.9962335216572504
33,Organic acids and derivatives,No,stratf,1.3,12177,15830,0.9878410979815694,0.9246841956531425,0.9264499242914943
34,Organic compounds - Unspecified,No,stratf,1.3,19,65,0.9885482734319945,0.9538239538239539,0.90625
35,Organic nitrogen compounds,No,stratf,1.3,1200,1560,0.9974999999999999,0.9338461538461539,0.9373578501318804
36,Organic oxygen compounds,No,stratf,1.3,8094,10522,0.9834609272561323,0.8891617356354952,0.8966937646140889
37,Organic salts,No,stratf,1.3,43,65,1.0,1.0,1.0
38,Organohalogen compounds,No,stratf,1.3,218,283,1.0,0.9923977460409987,0.9883623468729852
39,Organoheterocyclic compounds,No,stratf,1.3,14296,18584,0.9687690201074594,0.8979891786234125,0.9053094242006042
40,Organometallic compounds,No,stratf,1.3,77,100,1.0,0.98989898989899,1.0
41,Organophosphorus compounds,No,stratf,1.3,27,65,1.0,1.0,0.984375
42,Organosulfur compounds,No,stratf,1.3,481,625,0.9972022382094324,0.9755903707276704,0.9802441352973268
43,Phenylpropanoids and polyketides,No,stratf,1.3,8418,10943,0.9885657862896994,0.9353753133382817,0.9388321732896243
44,Acetylides,No,stratf,1.5,14,75,0.9866666666666667,0.98,0.9864864864864865
45,Alkaloids and derivatives,No,stratf,1.5,1092,1638,0.9931318681318682,0.9387973137973139,0.9405665718514881
46,Allenes,No,stratf,1.5,7,75,1.0,1.0,1.0
47,Benzenoids,No,stratf,1.5,10146,15219,0.9754336684407648,0.9041494184900453,0.9009230152744412
48,Hydrocarbon derivatives,No,stratf,1.5,35,75,1.0,0.9376262626262625,0.8940256045519204
49,Hydrocarbons,No,stratf,1.5,612,918,0.9989106753812637,0.9978213507625272,0.9939601803317586
50,"Lignans, neolignans and related compounds",No,stratf,1.5,286,429,0.9982517482517483,0.9533246176338283,0.9439905888504019
51,Lipids and lipid-like molecules,No,stratf,1.5,133382,59878,0.9814733301532205,0.9698765068723395,0.9706897580521074
52,"Nucleosides, nucleotides, and analogues",No,stratf,1.5,935,1402,0.9996433029119766,0.9768112205029967,0.9754436893022445
53,"Organic 1,3-dipolar compounds",No,stratf,1.5,66,99,1.0,0.9419191919191919,0.9338280766852196
54,Organic Polymers,No,stratf,1.5,1635,2452,0.9998980632008155,0.9970429589785507,0.9967373572593801
55,Organic acids and derivatives,No,stratf,1.5,12177,18265,0.986559012073018,0.9261711137787804,0.9288894815845985
56,Organic compounds - Unspecified,No,stratf,1.5,19,75,0.9733333333333333,0.9333333333333332,0.9324324324324325
57,Organic nitrogen compounds,No,stratf,1.5,1200,1800,0.9977083333333333,0.9318055555555556,0.933743676222597
58,Organic oxygen compounds,No,stratf,1.5,8094,12141,0.9827650111193477,0.8944691541059221,0.8964358367961671
59,Organic salts,No,stratf,1.5,43,75,1.0,1.0,1.0
60,Organohalogen compounds,No,stratf,1.5,218,327,1.0,0.9961878429894013,0.9923870607919688
61,Organoheterocyclic compounds,No,stratf,1.5,14296,21444,0.9633872006567804,0.8981301472809536,0.9059804916228218
62,Organometallic compounds,No,stratf,1.5,77,115,1.0,0.9957264957264957,0.9689426268373638
63,Organophosphorus compounds,No,stratf,1.5,27,75,1.0,1.0,0.9864864864864865
64,Organosulfur compounds,No,stratf,1.5,481,721,0.9989597770847771,0.9753688067174672,0.978339243498818
65,Phenylpropanoids and polyketides,No,stratf,1.5,8418,12627,0.9880118001108734,0.9367624930704047,0.941456572166455
66,Acetylides,No,stratf,2.0,14,100,0.987449118046133,0.9747474747474748,0.98
67,Alkaloids and derivatives,No,stratf,2.0,1092,2184,0.9872939560439561,0.9413919413919413,0.9356518714060613
68,Allenes,No,stratf,2.0,7,100,1.0,1.0,1.0
69,Benzenoids,No,stratf,2.0,10146,20292,0.967943031736645,0.9046668637886851,0.903727737199056
70,Hydrocarbon derivatives,No,stratf,2.0,35,100,1.0,0.9321152703505643,0.9110526315789473
71,Hydrocarbons,No,stratf,2.0,612,1224,0.9991830065359477,0.9987745098039215,0.9917653530058888
72,"Lignans, neolignans and related compounds",No,stratf,2.0,286,572,0.9899456285241831,0.9518691061204495,0.9493006993006994
73,Lipids and lipid-like molecules,No,stratf,2.0,133382,59878,0.9814733301532205,0.9698765068723395,0.9706897580521074
74,"Nucleosides, nucleotides, and analogues",No,stratf,2.0,935,1870,0.9990643140111978,0.9740549633507743,0.9760934544520468
75,"Organic 1,3-dipolar compounds",No,stratf,2.0,66,132,1.0,0.9469696969696969,0.9318181818181819
76,Organic Polymers,No,stratf,2.0,1635,3270,1.0,0.9974006116207952,0.995080853840842
77,Organic acids and derivatives,No,stratf,2.0,12177,24354,0.9842531001067586,0.926993512359366,0.9278924445702298
78,Organic compounds - Unspecified,No,stratf,2.0,19,100,0.9724860545756068,0.9227569815805111,0.95
79,Organic nitrogen compounds,No,stratf,2.0,1200,2400,0.9895833333333334,0.9264583333333333,0.9376904159640247
80,Organic oxygen compounds,No,stratf,2.0,8094,16188,0.9809272300469484,0.8912466024215467,0.8976813274431849
81,Organic salts,No,stratf,2.0,43,100,1.0,1.0,1.0
82,Organohalogen compounds,No,stratf,2.0,218,436,1.0,0.991961677076226,0.9726438698915763
83,Organoheterocyclic compounds,No,stratf,2.0,14296,28592,0.9600937300338571,0.9006367485319299,0.9058696842348477
84,Organometallic compounds,No,stratf,2.0,77,154,1.0,1.0,0.9734994734994735
85,Organophosphorus compounds,No,stratf,2.0,27,100,1.0,0.9949494949494949,0.99
86,Organosulfur compounds,No,stratf,2.0,481,962,0.9890848281906356,0.9739956516095535,0.9780731631795462
87,Phenylpropanoids and polyketides,No,stratf,2.0,8418,16836,0.9854478498455691,0.9379009265858874,0.9401144573735765
88,Acetylides,No,stratf,3.0,14,150,0.9866666666666667,0.9766666666666666,0.98
89,Alkaloids and derivatives,No,stratf,3.0,1092,3276,0.9815323565323566,0.9432234432234431,0.9405205285093553
90,Allenes,No,stratf,3.0,7,150,1.0,1.0,1.0
91,Benzenoids,No,stratf,3.0,10146,30438,0.960091004665221,0.9063834680333794,0.9054951462402674
92,Hydrocarbon derivatives,No,stratf,3.0,35,150,0.98,0.9427777777777777,0.880701754385965
93,Hydrocarbons,No,stratf,3.0,612,1836,0.9991830065359477,0.9972766884531591,0.9928546776246252
94,"Lignans, neolignans and related compounds",No,stratf,3.0,286,858,0.9877622377622378,0.9568151147098516,0.9463869463869463
95,Lipids and lipid-like molecules,No,stratf,3.0,133382,59878,0.9814733301532205,0.9698765068723395,0.9706897580521074
96,"Nucleosides, nucleotides, and analogues",No,stratf,3.0,935,2805,0.9953654188948308,0.977356111198555,0.9780273346248964
97,"Organic 1,3-dipolar compounds",No,stratf,3.0,66,198,1.0,0.9444444444444445,0.9393939393939394
98,Organic Polymers,No,stratf,3.0,1635,4905,0.9987257900101937,0.9976554536187564,0.9957177814029363
99,Organic acids and derivatives,No,stratf,3.0,12177,36531,0.9801333114341245,0.9259943609537106,0.929776580682404
100,Organic compounds - Unspecified,No,stratf,3.0,19,150,0.9816666666666666,0.9255555555555555,0.9466666666666667
101,Organic nitrogen compounds,No,stratf,3.0,1200,3600,0.9831249999999999,0.9294444444444444,0.9358356754731123
102,Organic oxygen compounds,No,stratf,3.0,8094,24282,0.9778024874392554,0.8932336710320401,0.9003378226891063
103,Organic salts,No,stratf,3.0,43,150,1.0,1.0,0.9933333333333334
104,Organohalogen compounds,No,stratf,3.0,218,654,1.0,0.9900186884131839,0.9757019738671115
105,Organoheterocyclic compounds,No,stratf,3.0,14296,42888,0.9513092276866107,0.901744089523712,0.9062067313049111
106,Organometallic compounds,No,stratf,3.0,77,231,1.0,0.9956709956709956,0.9777908343125734
107,Organophosphorus compounds,No,stratf,3.0,27,150,0.9933333333333333,0.9933333333333333,0.9866666666666667
108,Organosulfur compounds,No,stratf,3.0,481,1443,0.9890852390852393,0.9750476168954428,0.9791011302269307
109,Phenylpropanoids and polyketides,No,stratf,3.0,8418,25254,0.9827156094084106,0.9379306248515086,0.9396500584452698
110,Acetylides,No,stratf,4.0,14,200,0.9887498597239368,0.9799110508065733,0.985
111,Alkaloids and derivatives,No,stratf,4.0,1092,4368,0.9791666666666666,0.9423076923076922,0.9418178423066691
112,Allenes,No,stratf,4.0,7,200,1.0,1.0,1.0
113,Benzenoids,No,stratf,4.0,10146,40584,0.956405233589592,0.9062191996846048,0.9036615266952346
114,Hydrocarbon derivatives,No,stratf,4.0,35,200,0.9725058915946582,0.9235828433589628,0.8973684210526316
115,Hydrocarbons,No,stratf,4.0,612,2448,0.9993872549019608,0.9985702614379086,0.9929908432019672
116,"Lignans, neolignans and related compounds",No,stratf,4.0,286,1144,0.9866679509098061,0.9579982338250707,0.94493006993007
117,Lipids and lipid-like molecules,No,stratf,4.0,133382,59878,0.9814733301532205,0.9698765068723395,0.9706897580521074
118,"Nucleosides, nucleotides, and analogues",No,stratf,4.0,935,3740,0.9943850533431592,0.9752576567514794,0.9800364290217873
119,"Organic 1,3-dipolar compounds",No,stratf,4.0,66,264,1.0,0.9337121212121212,0.9166666666666666
120,Organic Polymers,No,stratf,4.0,1635,6540,0.9988149847094802,0.9976299694189604,0.9963302752293578
121,Organic acids and derivatives,No,stratf,4.0,12177,48708,0.9788638416687198,0.9262646793134598,0.9298702282866522
122,Organic compounds - Unspecified,No,stratf,4.0,19,200,0.9737590244267386,0.9523971053821801,0.9550000000000001
123,Organic nitrogen compounds,No,stratf,4.0,1200,4800,0.9825520833333333,0.9325000000000001,0.9370260680157392
124,Organic oxygen compounds,No,stratf,4.0,8094,32376,0.9754756609834446,0.8921886582653817,0.9001888528555158
125,Organic salts,No,stratf,4.0,43,200,1.0,0.9975124378109452,0.9473809523809524
126,Organohalogen compounds,No,stratf,4.0,218,872,0.9951263078824871,0.9913970849626733,0.9931192660550459
127,Organoheterocyclic compounds,No,stratf,4.0,14296,57184,0.9512800523714325,0.9018082062906639,0.9063919799836975
128,Organometallic compounds,No,stratf,4.0,77,308,1.0,0.991715210355987,0.9799929799929801
129,Organophosphorus compounds,No,stratf,4.0,27,200,0.9950061721467849,0.992499623096638,0.985
130,Organosulfur compounds,No,stratf,4.0,481,1924,0.9880454999961495,0.9768723940096514,0.9759455036050781
131,Phenylpropanoids and polyketides,No,stratf,4.0,8418,33672,0.9821364932287954,0.9386582323592302,0.9398030338819818
132,Acetylides,No,stratf,5.0,14,250,0.9839958636942981,0.9760231401797667,0.988
133,Alkaloids and derivatives,No,stratf,5.0,1092,5460,0.9727564102564102,0.9465201465201464,0.9461374751877545
134,Allenes,No,stratf,5.0,7,250,1.0,0.9979919678714859,1.0
135,Benzenoids,No,stratf,5.0,10146,50730,0.9492065838754189,0.9076680465207964,0.9062000498428647
136,Hydrocarbon derivatives,No,stratf,5.0,35,250,1.0,0.9391896590691772,0.856421052631579
137,Hydrocarbons,No,stratf,5.0,612,3060,0.9995098039215686,0.9977124183006536,0.9930725425483724
138,"Lignans, neolignans and related compounds",No,stratf,5.0,286,1430,0.9839165077290956,0.9492367705937058,0.9426573426573426
139,Lipids and lipid-like molecules,No,stratf,5.0,133382,59878,0.9814733301532205,0.9698765068723395,0.9706897580521074
140,"Nucleosides, nucleotides, and analogues",No,stratf,5.0,935,4675,0.9933155193083768,0.9746444839649285,0.9758180999415142
141,"Organic 1,3-dipolar compounds",No,stratf,5.0,66,330,0.9787878787878789,0.9515151515151515,0.9333333333333333
142,Organic Polymers,No,stratf,5.0,1635,8175,0.9985321100917431,0.9971865443425078,0.9968191827746513
143,Organic acids and derivatives,No,stratf,5.0,12177,60885,0.9698365771536505,0.9263365360926338,0.9308085084776532
144,Organic compounds - Unspecified,No,stratf,5.0,19,250,0.9789938195897362,0.9479345955249571,0.952
145,Organic nitrogen compounds,No,stratf,5.0,1200,6000,0.9785833333333334,0.9315000000000001,0.9361070826306914
146,Organic oxygen compounds,No,stratf,5.0,8094,40470,0.973023227081789,0.8926612305411415,0.9009047976293603
147,Organic salts,No,stratf,5.0,43,250,1.0,0.9979919678714859,0.9721904761904762
148,Organohalogen compounds,No,stratf,5.0,218,1090,1.0,0.991272371487191,0.9781484570475396
149,Organoheterocyclic compounds,No,stratf,5.0,14296,71480,0.9472089826129784,0.9024484252883495,0.907870548738062
150,Organometallic compounds,No,stratf,5.0,77,385,1.0,0.9858874975154045,0.9812781531531531
151,Organophosphorus compounds,No,stratf,5.0,27,250,0.992995935839165,0.9920156817747179,0.992
152,Organosulfur compounds,No,stratf,5.0,481,2405,0.9869023505905646,0.9767061616661633,0.9757779587212801
153,Phenylpropanoids and polyketides,No,stratf,5.0,8418,42090,0.9799893086243764,0.9384176764076978,0.9390334405049616
154,Acetylides,No,stratf,6.0,14,300,0.9883333333333333,0.9866666666666667,0.9866666666666667
155,Alkaloids and derivatives,No,stratf,6.0,1092,6552,0.9755799755799756,0.9446733821733821,0.9439089774285305
156,Allenes,No,stratf,6.0,7,300,1.0,1.0,0.9966666666666666
157,Benzenoids,No,stratf,6.0,10146,60876,0.9530274656679151,0.9042233392469939,0.9022909367084411
158,Hydrocarbon derivatives,No,stratf,6.0,35,300,0.9724999999999998,0.9344444444444445,0.890701754385965
159,Hydrocarbons,No,stratf,6.0,612,3672,0.9995915032679737,0.9983660130718954,0.9928546776246252
160,"Lignans, neolignans and related compounds",No,stratf,6.0,286,1716,0.9817890442890443,0.9539257708665604,0.9417249417249418
161,Lipids and lipid-like molecules,No,stratf,6.0,133382,59878,0.9814733301532205,0.9698765068723395,0.9706897580521074
162,"Nucleosides, nucleotides, and analogues",No,stratf,6.0,935,5610,0.9931818181818182,0.9757506868013772,0.9751792261168064
163,"Organic 1,3-dipolar compounds",No,stratf,6.0,66,396,0.9772727272727274,0.9393939393939394,0.9393939393939394
164,Organic Polymers,No,stratf,6.0,1635,9810,0.9984709480122325,0.9972477064220184,0.9970438328236493
165,Organic acids and derivatives,No,stratf,6.0,12177,73062,0.9736011880320823,0.9260354219703814,0.9298595726925996
166,Organic compounds - Unspecified,No,stratf,6.0,19,300,0.9741666666666667,0.9566666666666667,0.94
167,Organic nitrogen compounds,No,stratf,6.0,1200,7200,0.9787500000000001,0.9346527777777777,0.9334253794266442
168,Organic oxygen compounds,No,stratf,6.0,8094,48564,0.9734268182192571,0.8918128654970761,0.8995368560573984
169,Organic salts,No,stratf,6.0,43,300,1.0,0.9983333333333334,0.949047619047619
170,Organohalogen compounds,No,stratf,6.0,218,1308,0.9956039755351682,0.9919724770642201,0.9931192660550459
171,Organoheterocyclic compounds,No,stratf,6.0,14296,85776,0.9456141443431468,0.902857591556162,0.9085602854562256
172,Organometallic compounds,No,stratf,6.0,77,462,1.0,0.9850149850149851,0.9708084708084708
173,Organophosphorus compounds,No,stratf,6.0,27,300,0.9958333333333332,0.9916666666666666,0.9933333333333334
174,Organosulfur compounds,No,stratf,6.0,481,2886,0.9858801108801108,0.9773020347748608,0.9773801624865455
175,Phenylpropanoids and polyketides,No,stratf,6.0,8418,50508,0.9809089649164489,0.9381385127108577,0.9398984178918741
176,Acetylides,No,ObyO,1.3,14,65,0.9501409443269907,0.9083694083694084,0.8348214285714286
177,Alkaloids and derivatives,No,ObyO,1.3,1092,1419,0.994556315777246,0.9260836063161646,0.9256813949551379
178,Allenes,No,ObyO,1.3,7,65,0.9922480620155039,0.8928571428571429,0.8333333333333333
179,Benzenoids,No,ObyO,1.3,10146,13189,0.9603329846239089,0.7730167748605478,0.8159508663261791
180,Hydrocarbon derivatives,No,ObyO,1.3,35,65,0.9927536231884058,0.8674242424242423,0.805921052631579
181,Hydrocarbons,No,ObyO,1.3,612,795,0.9954094216302872,0.9756659267480576,0.9717852917367209
182,"Lignans, neolignans and related compounds",No,ObyO,1.3,286,371,0.9986531931565888,0.9510372812768875,0.9378263246187775
183,Lipids and lipid-like molecules,No,ObyO,1.3,133382,59878,0.9814733301532205,0.9698765068723395,0.9706897580521074
184,"Nucleosides, nucleotides, and analogues",No,ObyO,1.3,935,1215,0.9988485280151945,0.9415645239600224,0.9674663503872626
185,"Organic 1,3-dipolar compounds",No,ObyO,1.3,66,85,1.0,0.9145021645021645,0.961319073083779
186,Organic Polymers,No,ObyO,1.3,1635,2125,0.999882297551789,0.991008396827865,0.9938181287403298
187,Organic acids and derivatives,No,ObyO,1.3,12177,15830,0.9796099763291682,0.850932547944684,0.8863944672316815
188,Organic compounds - Unspecified,No,ObyO,1.3,19,65,1.0,0.6836219336219336,0.56875
189,Organic nitrogen compounds,No,ObyO,1.3,1200,1560,0.9938942307692308,0.8495192307692307,0.8815502443031954
190,Organic oxygen compounds,No,ObyO,1.3,8094,10522,0.9787637806935394,0.7512364697486186,0.8765598097427673
191,Organic salts,No,ObyO,1.3,43,65,1.0,1.0,0.96875
192,Organohalogen compounds,No,ObyO,1.3,218,283,1.0,0.9878501996758144,0.97020558946354
193,Organoheterocyclic compounds,No,ObyO,1.3,14296,18584,0.9466202699262922,0.7150194815660363,0.8044584022909758
194,Organometallic compounds,No,ObyO,1.3,77,100,1.0,0.941107911696147,0.9664864864864865
195,Organophosphorus compounds,No,ObyO,1.3,27,65,1.0,0.9739057239057239,1.0
196,Organosulfur compounds,No,ObyO,1.3,481,625,0.9991996787185636,0.9592904640172947,0.9547234042553192
197,Phenylpropanoids and polyketides,No,ObyO,1.3,8418,10943,0.9780228092819193,0.884875343740506,0.9064259503891564
198,Acetylides,No,ObyO,1.5,14,75,0.9566666666666667,0.9133333333333334,0.888030888030888
199,Alkaloids and derivatives,No,ObyO,1.5,1092,1638,0.9919108669108669,0.9232295482295484,0.9220366846065171
200,Allenes,No,ObyO,1.5,7,75,0.9933333333333333,0.9377777777777778,0.9864864864864865
201,Benzenoids,No,ObyO,1.5,10146,15219,0.9590643274853802,0.7702214337341481,0.8127234271527589
202,Hydrocarbon derivatives,No,ObyO,1.5,35,75,1.0,0.8844444444444445,0.8015647226173542
203,Hydrocarbons,No,ObyO,1.5,612,918,0.9959150326797386,0.9763071895424837,0.9769785802109623
204,"Lignans, neolignans and related compounds",No,ObyO,1.5,286,429,0.9947552447552447,0.9469327638735535,0.9522144522144522
205,Lipids and lipid-like molecules,No,ObyO,1.5,133382,59878,0.9814733301532205,0.9698765068723395,0.9706897580521074
206,"Nucleosides, nucleotides, and analogues",No,ObyO,1.5,935,1402,0.9998215560314061,0.9538012883333806,0.9664406431236724
207,"Organic 1,3-dipolar compounds",No,ObyO,1.5,66,99,1.0,0.9141414141414143,0.9494949494949495
208,Organic Polymers,No,ObyO,1.5,1635,2452,0.9997960016319869,0.990209575571102,0.994884916956432
209,Organic acids and derivatives,No,ObyO,1.5,12177,18265,0.9788532167034992,0.8515063244192538,0.8843162299823205
210,Organic compounds - Unspecified,No,ObyO,1.5,19,75,1.0,0.7401587301587301,0.6364864864864865
211,Organic nitrogen compounds,No,ObyO,1.5,1200,1800,0.9936805555555556,0.8452777777777779,0.8763368933857973
212,Organic oxygen compounds,No,ObyO,1.5,8094,12141,0.9775965735936084,0.7618400461247014,0.8734604866311392
213,Organic salts,No,ObyO,1.5,43,75,1.0,0.9495238095238095,0.938867438867439
214,Organohalogen compounds,No,ObyO,1.5,218,327,1.0,0.9847304260399649,0.9741312204614957
215,Organoheterocyclic compounds,No,ObyO,1.5,14296,21444,0.9458707363883638,0.715012473110047,0.8022561325063617
216,Organometallic compounds,No,ObyO,1.5,77,115,1.0,0.9590643274853802,0.9599294947121034
217,Organophosphorus compounds,No,ObyO,1.5,27,75,1.0,0.9681481481481482,1.0
218,Organosulfur compounds,No,ObyO,1.5,481,721,0.9927206052206053,0.9570092516229535,0.9559329536400389
219,Phenylpropanoids and polyketides,No,ObyO,1.5,8418,12627,0.9781222776589847,0.8856022808267996,0.9089842855058596
220,Acetylides,No,ObyO,2.0,14,100,0.972448364239409,0.8972964943553179,0.8685714285714285
221,Alkaloids and derivatives,No,ObyO,2.0,1092,2184,0.9880952380952381,0.9178113553113554,0.9270430454089672
222,Allenes,No,ObyO,2.0,7,100,0.9333333333333332,0.8964646464646465,0.8333333333333333
223,Benzenoids,No,ObyO,2.0,10146,20292,0.952629114922137,0.7602503449635325,0.8109390881123584
224,Hydrocarbon derivatives,No,ObyO,2.0,35,100,0.992499623096638,0.8316993464052288,0.6805263157894736
225,Hydrocarbons,No,ObyO,2.0,612,1224,0.9969362745098039,0.9803921568627452,0.9806712288875947
226,"Lignans, neolignans and related compounds",No,ObyO,2.0,286,572,0.9912602547718183,0.9431246364165213,0.9554195804195804
227,Lipids and lipid-like molecules,No,ObyO,2.0,133382,59878,0.9814733301532205,0.9698765068723395,0.9706897580521074
228,"Nucleosides, nucleotides, and analogues",No,ObyO,2.0,935,1870,0.9990639922115915,0.9406218954161437,0.9567545477897392
229,"Organic 1,3-dipolar compounds",No,ObyO,2.0,66,132,1.0,0.912878787878788,0.8939393939393939
230,Organic Polymers,No,ObyO,2.0,1635,3270,0.9995412844036697,0.9940366972477065,0.9960070116329365
231,Organic acids and derivatives,No,ObyO,2.0,12177,24354,0.976851851851852,0.8508869179600888,0.8844810544907358
232,Organic compounds - Unspecified,No,ObyO,2.0,19,100,0.9376601839288407,0.6592394533571004,0.76
233,Organic nitrogen compounds,No,ObyO,2.0,1200,2400,0.9944791666666667,0.8404166666666666,0.869761101742552
234,Organic oxygen compounds,No,ObyO,2.0,8094,16188,0.974193847294292,0.7704472448727454,0.8712465150140639
235,Organic salts,No,ObyO,2.0,43,100,1.0,0.9660894660894662,0.9761904761904762
236,Organohalogen compounds,No,ObyO,2.0,218,436,1.0,0.985128326247835,0.9737489574645538
237,Organoheterocyclic compounds,No,ObyO,2.0,14296,28592,0.9442588495841573,0.7093209357015695,0.7929453671391526
238,Organometallic compounds,No,ObyO,2.0,77,154,0.9983660130718954,0.9349446958270488,0.9734994734994735
239,Organophosphorus compounds,No,ObyO,2.0,27,100,1.0,0.9848484848484849,1.0
240,Organosulfur compounds,No,ObyO,2.0,481,962,0.9888288677964564,0.9636373558464425,0.9649820851948512
241,Phenylpropanoids and polyketides,No,ObyO,2.0,8418,16836,0.9775035637918745,0.8872653837015919,0.9051339404673123
242,Acetylides,No,ObyO,3.0,14,150,0.965,0.8833333333333333,0.8885714285714286
243,Alkaloids and derivatives,No,ObyO,3.0,1092,3276,0.9802350427350429,0.9169719169719169,0.9265702484976228
244,Allenes,No,ObyO,3.0,7,150,0.9783333333333334,0.9166666666666666,0.9533333333333334
245,Benzenoids,No,ObyO,3.0,10146,30438,0.942284315658059,0.7507227807346081,0.8026112747875018
246,Hydrocarbon derivatives,No,ObyO,3.0,35,150,0.9983333333333334,0.8702525252525253,0.6971929824561404
247,Hydrocarbons,No,ObyO,3.0,612,1836,0.9978213507625272,0.9842047930283225,0.9807912163765395
248,"Lignans, neolignans and related compounds",No,ObyO,3.0,286,858,0.9886363636363636,0.9475033738191634,0.9557109557109558
249,Lipids and lipid-like molecules,No,ObyO,3.0,133382,59878,0.9814733301532205,0.9698765068723395,0.9706897580521074
250,"Nucleosides, nucleotides, and analogues",No,ObyO,3.0,935,2805,0.9990196078431373,0.9429537827093152,0.9530116214806685
251,"Organic 1,3-dipolar compounds",No,ObyO,3.0,66,198,1.0,0.904040404040404,0.8813131313131313
252,Organic Polymers,No,ObyO,3.0,1635,4905,0.9985219164118248,0.9953109072375129,0.9947924966421564
253,Organic acids and derivatives,No,ObyO,3.0,12177,36531,0.9757808436670227,0.8455558292956665,0.8827639014003095
254,Organic compounds - Unspecified,No,ObyO,3.0,19,150,1.0,0.7147619047619047,0.6366666666666667
255,Organic nitrogen compounds,No,ObyO,3.0,1200,3600,0.9840972222222222,0.8418055555555556,0.8842315439385422
256,Organic oxygen compounds,No,ObyO,3.0,8094,24282,0.970657276995305,0.7888353512890207,0.8657133423865169
257,Organic salts,No,ObyO,3.0,43,150,0.9933333333333333,0.9714285714285715,0.9866666666666667
258,Organohalogen compounds,No,ObyO,3.0,218,654,1.0,0.9762674025665731,0.9749374478732277
259,Organoheterocyclic compounds,No,ObyO,3.0,14296,42888,0.9240230238681583,0.7145231781859032,0.8469897575113706
260,Organometallic compounds,No,ObyO,3.0,77,231,0.9989177489177489,0.9089044289044289,0.9734994734994735
261,Organophosphorus compounds,No,ObyO,3.0,27,150,1.0,0.9781481481481481,0.9866666666666667
262,Organosulfur compounds,No,ObyO,3.0,481,1443,0.9838877338877339,0.9566917072351856,0.9609486737146311
263,Phenylpropanoids and polyketides,No,ObyO,3.0,8418,25254,0.9753009424249623,0.885879464639265,0.8988320344031127
264,Acetylides,No,ObyO,4.0,14,200,0.9662495791718101,0.9118272274988692,0.8885714285714286
265,Alkaloids and derivatives,No,ObyO,4.0,1092,4368,0.975503663003663,0.9124313186813188,0.923051982933268
266,Allenes,No,ObyO,4.0,7,200,0.9600306736991732,0.9144052464947987,0.95
267,Benzenoids,No,ObyO,4.0,10146,40584,0.9382515276956435,0.7472156514882712,0.8243188561121737
268,Hydrocarbon derivatives,No,ObyO,4.0,35,200,1.0,0.8713628825569124,0.6692105263157895
269,Hydrocarbons,No,ObyO,4.0,612,2448,0.9981617647058824,0.9850898692810457,0.9837349543777907
270,"Lignans, neolignans and related compounds",No,ObyO,4.0,286,1144,0.9855754842571284,0.9479346296191826,0.9571678321678322
271,Lipids and lipid-like molecules,No,ObyO,4.0,133382,59878,0.9814733301532205,0.9698765068723395,0.9706897580521074
272,"Nucleosides, nucleotides, and analogues",No,ObyO,4.0,935,3740,0.9992646075678566,0.9497170215063523,0.947575485136492
273,"Organic 1,3-dipolar compounds",No,ObyO,4.0,66,264,1.0,0.8939393939393939,0.8731060606060606
274,Organic Polymers,No,ObyO,4.0,1635,6540,0.9987003058103975,0.9951070336391438,0.9947247706422018
275,Organic acids and derivatives,No,ObyO,4.0,12177,48708,0.9746550874599654,0.8479921162847992,0.8848836455696314
276,Organic compounds - Unspecified,No,ObyO,4.0,19,200,0.9594017094017094,0.6724171351037024,0.545
277,Organic nitrogen compounds,No,ObyO,4.0,1200,4800,0.9809895833333333,0.8445833333333334,0.8819155775716694
278,Organic oxygen compounds,No,ObyO,4.0,8094,32376,0.9688426612305413,0.7952650111193478,0.862144327483727
279,Organic salts,No,ObyO,4.0,43,200,0.9937530393147046,0.9824739936680236,0.98
280,Organohalogen compounds,No,ObyO,4.0,218,872,1.0,0.9781819880084907,0.9772310258548791
281,Organoheterocyclic compounds,No,ObyO,4.0,14296,57184,0.924187645166937,0.7340495464847449,0.8593672060234194
282,Organometallic compounds,No,ObyO,4.0,77,308,0.9991869918699187,0.9235829098878785,0.9751228501228502
283,Organophosphorus compounds,No,ObyO,4.0,27,200,0.9975030860733924,0.972636815920398,0.99
284,Organosulfur compounds,No,ObyO,4.0,481,1924,0.9815485838451465,0.9519307751325551,0.9655504932100677
285,Phenylpropanoids and polyketides,No,ObyO,4.0,8418,33672,0.9742738774055595,0.8830185317177476,0.899761068642448
286,Acetylides,No,ObyO,5.0,14,250,0.9629956953562754,0.9260135781220118,0.8805714285714286
287,Alkaloids and derivatives,No,ObyO,5.0,1092,5460,0.9667124542124542,0.9090659340659341,0.9208161949782061
288,Allenes,No,ObyO,5.0,7,250,0.9649977154125485,0.919798240581373,0.968
289,Benzenoids,No,ObyO,5.0,10146,50730,0.929745712596097,0.7493396412379263,0.8440316425236591
290,Hydrocarbon derivatives,No,ObyO,5.0,35,250,1.0,0.7917275161251065,0.6842105263157895
291,Hydrocarbons,No,ObyO,5.0,612,3060,0.9984477124183005,0.9869281045751634,0.9841843007830195
292,"Lignans, neolignans and related compounds",No,ObyO,5.0,286,1430,0.983394598542394,0.9422802916543424,0.9493006993006993
293,Lipids and lipid-like molecules,No,ObyO,5.0,133382,59878,0.9814733301532205,0.9698765068723395,0.9706897580521074
294,"Nucleosides, nucleotides, and analogues",No,ObyO,5.0,935,4675,0.9994117246526804,0.9499376530939635,0.9460605282208159
295,"Organic 1,3-dipolar compounds",No,ObyO,5.0,66,330,1.0,0.8727272727272727,0.8196969696969697
296,Organic Polymers,No,ObyO,5.0,1635,8175,0.9997859327217125,0.9954740061162081,0.9952643400793741
297,Organic acids and derivatives,No,ObyO,5.0,12177,60885,0.9736306150940296,0.8507185677917386,0.883651589083259
298,Organic compounds - Unspecified,No,ObyO,5.0,19,250,0.9390315754034099,0.6430722891566266,0.776
299,Organic nitrogen compounds,No,ObyO,5.0,1200,6000,0.9783750000000001,0.8470833333333333,0.8842037661607645
300,Organic oxygen compounds,No,ObyO,5.0,8094,40470,0.9683222139856684,0.8035211267605633,0.8629571054906653
301,Organic salts,No,ObyO,5.0,43,250,0.9900079359353583,0.9780072671638939,0.984
302,Organohalogen compounds,No,ObyO,5.0,218,1090,0.9938076526172063,0.9821125843853117,0.9753544620517098
303,Organoheterocyclic compounds,No,ObyO,5.0,14296,71480,0.9193548489845133,0.7864357443948945,0.883348591881941
304,Organometallic compounds,No,ObyO,5.0,77,385,0.9993489583333334,0.9130440332438878,0.9922077922077922
305,Organophosphorus compounds,No,ObyO,5.0,27,250,1.0,0.9814814814814815,0.9575384615384616
306,Organosulfur compounds,No,ObyO,5.0,481,2405,0.9837843009444573,0.9575968303070651,0.9676294952890698
307,Phenylpropanoids and polyketides,No,ObyO,5.0,8418,42090,0.9694761225944405,0.882727488714659,0.9183116325398781
308,Acetylides,No,ObyO,6.0,14,300,0.9724999999999998,0.9466666666666667,0.94
309,Alkaloids and derivatives,No,ObyO,6.0,1092,6552,0.9723748473748474,0.907051282051282,0.9131383824121254
310,Allenes,No,ObyO,6.0,7,300,0.9658333333333333,0.9366666666666665,0.97
311,Benzenoids,No,ObyO,6.0,10146,60876,0.9325842696629213,0.7441849004533806,0.8466820161379593
312,Hydrocarbon derivatives,No,ObyO,6.0,35,300,0.9991666666666666,0.8485858585858587,0.6708771929824562
313,Hydrocarbons,No,ObyO,6.0,612,3672,0.9986383442265795,0.9888344226579521,0.9847561962078561
314,"Lignans, neolignans and related compounds",No,ObyO,6.0,286,1716,0.9809149184149183,0.9414089017707439,0.9411421911421911
315,Lipids and lipid-like molecules,No,ObyO,6.0,133382,59878,0.9814733301532205,0.9698765068723395,0.9706897580521074
316,"Nucleosides, nucleotides, and analogues",No,ObyO,6.0,935,5610,0.9923351158645275,0.9508866619373523,0.9596945566634751
317,"Organic 1,3-dipolar compounds",No,ObyO,6.0,66,396,1.0,0.8762626262626263,0.8194444444444444
318,Organic Polymers,No,ObyO,6.0,1635,9810,0.999821610601427,0.994138634046891,0.9949192220426313
319,Organic acids and derivatives,No,ObyO,6.0,12177,73062,0.9686533355232543,0.8660452766143824,0.9169824995700783
320,Organic compounds - Unspecified,No,ObyO,6.0,19,300,0.9583333333333334,0.7034920634920635,0.8266666666666667
321,Organic nitrogen compounds,No,ObyO,6.0,1200,7200,0.9788888888888888,0.8527083333333333,0.8864936996439947
322,Organic oxygen compounds,No,ObyO,6.0,8094,48564,0.9672494028498476,0.8074499629355079,0.8628118788876957
323,Organic salts,No,ObyO,6.0,43,300,0.9908333333333333,0.9730952380952381,0.99
324,Organohalogen compounds,No,ObyO,6.0,218,1308,0.993119266055046,0.9843272171253824,0.976807061440089
325,Organoheterocyclic compounds,No,ObyO,6.0,14296,85776,0.9338334328439352,0.7998152262244483,0.8935115898956083
326,Organometallic compounds,No,ObyO,6.0,77,462,0.9994588744588745,0.9242224442224442,0.9789107289107289
327,Organophosphorus compounds,No,ObyO,6.0,27,300,0.9966666666666667,0.9816666666666666,0.9933333333333334
328,Organosulfur compounds,No,ObyO,6.0,481,2886,0.9824151074151074,0.9575622624535668,0.9660215862343522
329,Phenylpropanoids and polyketides,No,ObyO,6.0,8418,50508,0.9691781499960402,0.8803852854993268,0.9207556866233281
330,Acetylides,Yes,None,,14,193246,0.9992457792505158,0.899148754419914,0.927168822982019
331,Alkaloids and derivatives,Yes,None,,1092,192168,0.9759572353357479,0.9235363996978835,0.9306230835745927
332,Allenes,Yes,None,,7,193253,0.9991099751942767,0.888009211912311,0.8320410993444276
333,Benzenoids,Yes,None,,10146,183114,0.9420196357984204,0.9071006116815274,0.9100572832012428
334,Hydrocarbon derivatives,Yes,None,,35,193225,0.9959684256812409,0.8985417916394347,0.7844142104378296
335,Hydrocarbons,Yes,None,,612,192648,0.9984557327353515,0.9984479465138492,0.9932525739610765
336,"Lignans, neolignans and related compounds",Yes,None,,286,192974,0.9894376967364019,0.9358082390947468,0.9294119720185543
337,Lipids and lipid-like molecules,Yes,None,,133382,59878,0.9810908806073594,0.9701686316532543,0.9711180841762532
338,"Nucleosides, nucleotides, and analogues",Yes,None,,935,192325,0.9843689138881592,0.9672384256035734,0.9666074899664365
339,"Organic 1,3-dipolar compounds",Yes,None,,66,193194,0.9933227739991924,0.8868998378455194,0.9312597569108068
340,Organic Polymers,Yes,None,,1635,191625,0.9978943248532289,0.9961304392059702,0.9969639121492232
341,Organic acids and derivatives,Yes,None,,12177,181083,0.9667046330563922,0.9268862697809106,0.9296424058916548
342,Organic compounds - Unspecified,Yes,None,,19,193241,0.9926865922865696,0.8060247067717059,0.9407540687350936
343,Organic nitrogen compounds,Yes,None,,1200,192060,0.9760127043632197,0.9212195407685098,0.9199949702502442
344,Organic oxygen compounds,Yes,None,,8094,185166,0.941744225747006,0.8764439500750661,0.897500163852945
345,Organic salts,Yes,None,,43,193217,0.999372468213695,0.999213319149607,0.9994273164785743
346,Organohalogen compounds,Yes,None,,218,193042,0.9975238554490642,0.9923975509326347,0.9747063863069838
347,Organoheterocyclic compounds,Yes,None,,14296,178964,0.9395192035212349,0.9035408489218607,0.9088784991177938
348,Organometallic compounds,Yes,None,,77,193183,0.997983777325099,0.9977870713163012,0.9968891224382554
349,Organophosphorus compounds,Yes,None,,27,193233,0.9995614103181133,0.9809613839826071,0.9994588858301636
350,Organosulfur compounds,Yes,None,,481,192779,0.960127941970569,0.9574298483979385,0.950585559019294
351,Phenylpropanoids and polyketides,Yes,None,,8418,184842,0.9772046410649127,0.9370025316376038,0.9386268469458052
352,Acetylides,Yes,stratf,1.3,14,65,1.0,0.9511544011544011,0.9285714285714286
353,Alkaloids and derivatives,Yes,stratf,1.3,1092,1419,0.9982381959126144,0.9371820040424691,0.9367233730724681
354,Allenes,Yes,stratf,1.3,7,65,1.0,0.9924242424242425,1.0
355,Benzenoids,Yes,stratf,1.3,10146,13189,0.9730496205910583,0.9062532992067869,0.9055784629033037
356,Hydrocarbon derivatives,Yes,stratf,1.3,35,65,1.0,0.9392135642135643,0.8898026315789473
357,Hydrocarbons,Yes,stratf,1.3,612,795,1.0,0.9987421383647798,0.9937900591066664
358,"Lignans, neolignans and related compounds",Yes,stratf,1.3,286,371,0.9959595794697661,0.9501398579881384,0.927990927990928
359,Lipids and lipid-like molecules,Yes,stratf,1.3,133382,59878,0.9810908806073594,0.9701686316532543,0.9711180841762532
360,"Nucleosides, nucleotides, and analogues",Yes,stratf,1.3,935,1215,0.9997942386831276,0.9734977718945207,0.9756552016862945
361,"Organic 1,3-dipolar compounds",Yes,stratf,1.3,66,85,0.9941520467836257,0.9470443349753696,0.9285714285714286
362,Organic Polymers,Yes,stratf,1.3,1635,2125,1.0,0.997576541606144,0.9960839840555533
363,Organic acids and derivatives,Yes,stratf,1.3,12177,15830,0.9860707301666088,0.9252086060319811,0.9284184507928428
364,Organic compounds - Unspecified,Yes,stratf,1.3,19,65,0.9884601832276251,0.9419191919191919,0.9375
365,Organic nitrogen compounds,Yes,stratf,1.3,1200,1560,0.9974999999999999,0.9313782051282051,0.9299714619276171
366,Organic oxygen compounds,Yes,stratf,1.3,8094,10522,0.9825747301394362,0.8905638509599854,0.8947369537917973
367,Organic salts,Yes,stratf,1.3,43,65,1.0,1.0,1.0
368,Organohalogen compounds,Yes,stratf,1.3,218,283,1.0,0.9906806874370421,0.9929078014184397
369,Organoheterocyclic compounds,Yes,stratf,1.3,14296,18584,0.9630893953066285,0.8998938323148558,0.907245665256943
370,Organometallic compounds,Yes,stratf,1.3,77,100,1.0,0.9949494949494949,1.0
371,Organophosphorus compounds,Yes,stratf,1.3,27,65,1.0,1.0,0.984375
372,Organosulfur compounds,Yes,stratf,1.3,481,625,0.9972003166697411,0.9755865368422576,0.9802441352973268
373,Phenylpropanoids and polyketides,Yes,stratf,1.3,8418,10943,0.9877547663768292,0.9355397083352104,0.9393946487831334
374,Acetylides,Yes,stratf,1.5,14,75,0.9866666666666667,0.9733333333333333,0.9864864864864865
375,Alkaloids and derivatives,Yes,stratf,1.5,1092,1638,0.998015873015873,0.9391025641025642,0.9339567942919897
376,Allenes,Yes,stratf,1.5,7,75,1.0,0.9933333333333333,1.0
377,Benzenoids,Yes,stratf,1.5,10146,15219,0.9697664104080426,0.904675077206124,0.906747883380818
378,Hydrocarbon derivatives,Yes,stratf,1.5,35,75,1.0,0.9527777777777778,0.9203413940256046
379,Hydrocarbons,Yes,stratf,1.5,612,918,0.9989106753812637,0.9978213507625272,0.9939601803317586
380,"Lignans, neolignans and related compounds",Yes,stratf,1.5,286,429,0.9982517482517483,0.9550790035987404,0.9416704790536566
381,Lipids and lipid-like molecules,Yes,stratf,1.5,133382,59878,0.9810908806073594,0.9701686316532543,0.9711180841762532
382,"Nucleosides, nucleotides, and analogues",Yes,stratf,1.5,935,1402,0.9996433029119766,0.9753857640131455,0.976535392359013
383,"Organic 1,3-dipolar compounds",Yes,stratf,1.5,66,99,1.0,0.941919191919192,0.9440321583178726
384,Organic Polymers,Yes,stratf,1.5,1635,2452,1.0,0.9972469573465638,0.9953013491796843
385,Organic acids and derivatives,Yes,stratf,1.5,12177,18265,0.9849302381779973,0.9256098993337017,0.9268299613963696
386,Organic compounds - Unspecified,Yes,stratf,1.5,19,75,0.98,0.9122222222222222,0.9594594594594594
387,Organic nitrogen compounds,Yes,stratf,1.5,1200,1800,0.9938194444444445,0.9302777777777779,0.93412966085816
388,Organic oxygen compounds,Yes,stratf,1.5,8094,12141,0.98141627543036,0.8925335639568405,0.898222072145425
389,Organic salts,Yes,stratf,1.5,43,75,1.0,1.0,1.0
390,Organohalogen compounds,Yes,stratf,1.5,218,327,1.0,0.9946587910016338,0.99079754601227
391,Organoheterocyclic compounds,Yes,stratf,1.5,14296,21444,0.959539978002574,0.9013011412150541,0.906783682552481
392,Organometallic compounds,Yes,stratf,1.5,77,115,1.0,1.0,0.9824561403508771
393,Organophosphorus compounds,Yes,stratf,1.5,27,75,1.0,1.0,0.9864864864864865
394,Organosulfur compounds,Yes,stratf,1.5,481,721,0.9989597770847771,0.975021584495245,0.9776004728132388
395,Phenylpropanoids and polyketides,Yes,stratf,1.5,8418,12627,0.9873089411578363,0.9349014017581373,0.9398995701715516
396,Acetylides,Yes,stratf,2.0,14,100,1.0,0.9616161616161616,0.9285714285714286
397,Alkaloids and derivatives,Yes,stratf,2.0,1092,2184,0.9869505494505494,0.9397893772893773,0.9337896740131377
398,Allenes,Yes,stratf,2.0,7,100,1.0,0.9949494949494949,1.0
399,Benzenoids,Yes,stratf,2.0,10146,20292,0.9644564360339051,0.9067612852355609,0.9066906942424388
400,Hydrocarbon derivatives,Yes,stratf,2.0,35,100,1.0,0.9523172905525846,0.9110526315789473
401,Hydrocarbons,Yes,stratf,2.0,612,1224,0.9991830065359477,0.9983660130718954,0.9917653530058888
402,"Lignans, neolignans and related compounds",Yes,stratf,2.0,286,572,0.9912568193373733,0.9536052172315607,0.9458041958041958
403,Lipids and lipid-like molecules,Yes,stratf,2.0,133382,59878,0.9810908806073594,0.9701686316532543,0.9711180841762532
404,"Nucleosides, nucleotides, and analogues",Yes,stratf,2.0,935,1870,0.9971927275005225,0.9745968849294023,0.9767835041916726
405,"Organic 1,3-dipolar compounds",Yes,stratf,2.0,66,132,1.0,0.9583333333333334,0.9242424242424243
406,Organic Polymers,Yes,stratf,2.0,1635,3270,1.0,0.9974006116207952,0.995701201235383
407,Organic acids and derivatives,Yes,stratf,2.0,12177,24354,0.9828878213024556,0.9263160055842983,0.9294319724687937
408,Organic compounds - Unspecified,Yes,stratf,2.0,19,100,0.9725237449118046,0.9077540106951871,0.96
409,Organic nitrogen compounds,Yes,stratf,2.0,1200,2400,0.9890625000000001,0.9266666666666666,0.9351117200674537
410,Organic oxygen compounds,Yes,stratf,2.0,8094,16188,0.9790894489745492,0.8900728935013591,0.8980336849841755
411,Organic salts,Yes,stratf,2.0,43,100,1.0,1.0,1.0
412,Organohalogen compounds,Yes,stratf,2.0,218,436,1.0,0.9931349393796252,0.9726438698915763
413,Organoheterocyclic compounds,Yes,stratf,2.0,14296,28592,0.9556694299102843,0.9020706567666336,0.907374083106564
414,Organometallic compounds,Yes,stratf,2.0,77,154,1.0,1.0,0.987012987012987
415,Organophosphorus compounds,Yes,stratf,2.0,27,100,1.0,0.9949494949494949,0.99
416,Organosulfur compounds,Yes,stratf,2.0,481,962,0.9877855861898027,0.9713947300103842,0.9822798248330163
417,Phenylpropanoids and polyketides,Yes,stratf,2.0,8418,16836,0.9849875267284389,0.9358220479923972,0.9387033814591363
418,Acetylides,Yes,stratf,3.0,14,150,0.9766666666666666,0.9766666666666666,0.9733333333333334
419,Alkaloids and derivatives,Yes,stratf,3.0,1092,3276,0.9801587301587302,0.9452075702075703,0.9418643119760438
420,Allenes,Yes,stratf,3.0,7,150,1.0,0.9966666666666667,1.0
421,Benzenoids,Yes,stratf,3.0,10146,30438,0.9548919114265063,0.9075333464748012,0.9074406754477718
422,Hydrocarbon derivatives,Yes,stratf,3.0,35,150,1.0,0.9550000000000001,0.9010526315789473
423,Hydrocarbons,Yes,stratf,3.0,612,1836,0.9991830065359477,0.9978213507625272,0.9928546776246252
424,"Lignans, neolignans and related compounds",Yes,stratf,3.0,286,858,0.9877622377622378,0.9614893878051772,0.951048951048951
425,Lipids and lipid-like molecules,Yes,stratf,3.0,133382,59878,0.9810908806073594,0.9701686316532543,0.9711180841762532
426,"Nucleosides, nucleotides, and analogues",Yes,stratf,3.0,935,2805,0.9955436720142602,0.9752153487707677,0.9762877735487046
427,"Organic 1,3-dipolar compounds",Yes,stratf,3.0,66,198,0.9823232323232324,0.9494949494949495,0.9343434343434344
428,Organic Polymers,Yes,stratf,3.0,1635,4905,0.9988277268093783,0.9975535168195719,0.9961256117455138
429,Organic acids and derivatives,Yes,stratf,3.0,12177,36531,0.9777928334838903,0.9266650242259998,0.9306841891309234
430,Organic compounds - Unspecified,Yes,stratf,3.0,19,150,0.9783333333333334,0.96,0.96
431,Organic nitrogen compounds,Yes,stratf,3.0,1200,3600,0.9827083333333334,0.9293055555555555,0.9363617200674537
432,Organic oxygen compounds,Yes,stratf,3.0,8094,24282,0.97646404744255,0.8928836174944403,0.8996097679494572
433,Organic salts,Yes,stratf,3.0,43,150,1.0,1.0,0.9933333333333334
434,Organohalogen compounds,Yes,stratf,3.0,218,654,0.9950305810397553,0.9877780570566795,0.9908256880733946
435,Organoheterocyclic compounds,Yes,stratf,3.0,14296,42888,0.9469898315317202,0.9029216142374192,0.907939750179057
436,Organometallic compounds,Yes,stratf,3.0,77,231,1.0,0.9978354978354979,0.991304347826087
437,Organophosphorus compounds,Yes,stratf,3.0,27,150,0.9933333333333333,0.9933333333333333,0.9866666666666667
438,Organosulfur compounds,Yes,stratf,3.0,481,1443,0.9890852390852393,0.9743546162024422,0.9784076489509251
439,Phenylpropanoids and polyketides,Yes,stratf,3.0,8418,25254,0.9830125920646234,0.936584303476677,0.9405734409886151
440,Acetylides,Yes,stratf,4.0,14,200,0.9812684696816668,0.9775365596261119,0.995
441,Alkaloids and derivatives,Yes,stratf,4.0,1092,4368,0.9779075091575091,0.9415064102564102,0.9435124930934986
442,Allenes,Yes,stratf,4.0,7,200,1.0,1.0,1.0
443,Benzenoids,Yes,stratf,4.0,10146,40584,0.9530972797161442,0.9068844864971418,0.9083523647834706
444,Hydrocarbon derivatives,Yes,stratf,4.0,35,200,1.0,0.9483453942409166,0.8797368421052632
445,Hydrocarbons,Yes,stratf,4.0,612,2448,0.9993872549019608,0.9985702614379086,0.9929908432019672
446,"Lignans, neolignans and related compounds",Yes,stratf,4.0,286,1144,0.9866690975554661,0.9597365154376369,0.9475524475524475
447,Lipids and lipid-like molecules,Yes,stratf,4.0,133382,59878,0.9810908806073594,0.9701686316532543,0.9711180841762532
448,"Nucleosides, nucleotides, and analogues",Yes,stratf,4.0,935,3740,0.9935160872254661,0.9735173603413031,0.9719484856268827
449,"Organic 1,3-dipolar compounds",Yes,stratf,4.0,66,264,0.9763257575757575,0.9488636363636364,0.9431818181818181
450,Organic Polymers,Yes,stratf,4.0,1635,6540,0.9988914373088685,0.9976299694189604,0.9963302752293578
451,Organic acids and derivatives,Yes,stratf,4.0,12177,48708,0.976713270920588,0.9268190030385153,0.9308435099734991
452,Organic compounds - Unspecified,Yes,stratf,4.0,19,200,0.975002805521266,0.9649856776722449,0.9550000000000001
453,Organic nitrogen compounds,Yes,stratf,4.0,1200,4800,0.9811979166666666,0.9296875,0.9340503794266442
454,Organic oxygen compounds,Yes,stratf,4.0,8094,32376,0.9747266493699036,0.8911076105757351,0.8994954666511936
455,Organic salts,Yes,stratf,4.0,43,200,1.0,0.9975124378109452,0.995
456,Organohalogen compounds,Yes,stratf,4.0,218,872,0.9948394461498423,0.9919717976063515,0.9931192660550459
457,Organoheterocyclic compounds,Yes,stratf,4.0,14296,57184,0.9463223689193775,0.902857501316209,0.9083666940691528
458,Organometallic compounds,Yes,stratf,4.0,77,308,1.0,0.9933333333333333,0.9799929799929801
459,Organophosphorus compounds,Yes,stratf,4.0,27,200,0.9962499532413123,0.9950248756218905,0.995
460,Organosulfur compounds,Yes,stratf,4.0,481,1924,0.9890849336233778,0.9766083486961893,0.9785929136992967
461,Phenylpropanoids and polyketides,Yes,stratf,4.0,8418,33672,0.9811935732953195,0.9375890947968638,0.9389616403276144
462,Acetylides,Yes,stratf,5.0,14,250,0.9820058677825072,0.9780550774526678,0.996
463,Alkaloids and derivatives,Yes,stratf,5.0,1092,5460,0.9722985347985348,0.9425824175824177,0.9432224200380626
464,Allenes,Yes,stratf,5.0,7,250,1.0,0.9960078408873589,1.0
465,Benzenoids,Yes,stratf,5.0,10146,50730,0.9447861226098956,0.9090676128523555,0.9086877533950273
466,Hydrocarbon derivatives,Yes,stratf,5.0,35,250,1.0,0.9563492063492064,0.8787368421052631
467,Hydrocarbons,Yes,stratf,5.0,612,3060,0.9995098039215686,0.9977124183006536,0.9930725425483724
468,"Lignans, neolignans and related compounds",Yes,stratf,5.0,286,1430,0.983740888129215,0.9443172535482249,0.9468531468531469
469,Lipids and lipid-like molecules,Yes,stratf,5.0,133382,59878,0.9810908806073594,0.9701686316532543,0.9711180841762532
470,"Nucleosides, nucleotides, and analogues",Yes,stratf,5.0,935,4675,0.9933155364682668,0.9734661091151889,0.9762679544745344
471,"Organic 1,3-dipolar compounds",Yes,stratf,5.0,66,330,0.9795454545454545,0.943939393939394,0.9484848484848485
472,Organic Polymers,Yes,stratf,5.0,1635,8175,0.9987461773700307,0.9974311926605505,0.9971862001468069
473,Organic acids and derivatives,Yes,stratf,5.0,12177,60885,0.9725383920505871,0.926993512359366,0.930070608796465
474,Organic compounds - Unspecified,Yes,stratf,5.0,19,250,0.9759998076136883,0.9479585006693441,0.956
475,Organic nitrogen compounds,Yes,stratf,5.0,1200,6000,0.9780416666666666,0.9323333333333332,0.9323322091062395
476,Organic oxygen compounds,Yes,stratf,5.0,8094,40470,0.971559179639239,0.8921670373115888,0.9019403221381086
477,Organic salts,Yes,stratf,5.0,43,250,0.997997979943727,0.9979919678714859,0.996
478,Organohalogen compounds,Yes,stratf,5.0,218,1090,0.9947243473878462,0.9899153530847179,0.9944954128440366
479,Organoheterocyclic compounds,Yes,stratf,5.0,14296,71480,0.9427811687289758,0.9040852048406219,0.9096139959975658
480,Organometallic compounds,Yes,stratf,5.0,77,385,1.0,0.9920413436692507,0.9812781531531531
481,Organophosphorus compounds,Yes,stratf,5.0,27,250,0.9950039679676791,0.9920156817747179,0.992
482,Organosulfur compounds,Yes,stratf,5.0,481,2405,0.9867984436911463,0.9752478296300447,0.9728183523914045
483,Phenylpropanoids and polyketides,Yes,stratf,5.0,8418,42090,0.9797873604181516,0.9379900213827512,0.9401828794269327
484,Acetylides,Yes,stratf,6.0,14,300,0.98,0.975,0.9866666666666667
485,Alkaloids and derivatives,Yes,stratf,6.0,1092,6552,0.9746260683760685,0.94490231990232,0.9428406013601545
486,Allenes,Yes,stratf,6.0,7,300,1.0,1.0,0.9966666666666666
487,Benzenoids,Yes,stratf,6.0,10146,60876,0.9478078388856036,0.9071719561074971,0.9063873157604678
488,Hydrocarbon derivatives,Yes,stratf,6.0,35,300,0.9741666666666667,0.945,0.9303508771929825
489,Hydrocarbons,Yes,stratf,6.0,612,3672,0.9995915032679737,0.9986383442265795,0.9931270087793093
490,"Lignans, neolignans and related compounds",Yes,stratf,6.0,286,1716,0.9817890442890443,0.9515642252484358,0.9446386946386947
491,Lipids and lipid-like molecules,Yes,stratf,6.0,133382,59878,0.9810908806073594,0.9701686316532543,0.9711180841762532
492,"Nucleosides, nucleotides, and analogues",Yes,stratf,6.0,935,5610,0.9924688057040999,0.9757518331236886,0.9739314542807993
493,"Organic 1,3-dipolar compounds",Yes,stratf,6.0,66,396,0.976641414141414,0.9444444444444445,0.952020202020202
494,Organic Polymers,Yes,stratf,6.0,1635,9810,0.998369011213048,0.9972477064220184,0.9973496432212028
495,Organic acids and derivatives,Yes,stratf,6.0,12177,73062,0.9715002326790945,0.9267471462593414,0.929879842974345
496,Organic compounds - Unspecified,Yes,stratf,6.0,19,300,0.9783333333333334,0.9533333333333335,0.95
497,Organic nitrogen compounds,Yes,stratf,6.0,1200,7200,0.9787847222222222,0.9323611111111111,0.9313026981450253
498,Organic oxygen compounds,Yes,stratf,6.0,8094,48564,0.9717074376081047,0.893079235647805,0.8961300305950987
499,Organic salts,Yes,stratf,6.0,43,300,1.0,0.9983333333333334,0.9966666666666666
500,Organohalogen compounds,Yes,stratf,6.0,218,1308,1.0,0.9934802922188245,0.9742146232971921
501,Organoheterocyclic compounds,Yes,stratf,6.0,14296,85776,0.9423032126300033,0.90405831782391,0.9102736774470084
502,Organometallic compounds,Yes,stratf,6.0,77,462,1.0,0.9879220779220779,0.9864864864864865
503,Organophosphorus compounds,Yes,stratf,6.0,27,300,0.9975,0.995,0.9933333333333334
504,Organosulfur compounds,Yes,stratf,6.0,481,2886,0.9852737352737352,0.9776420651420651,0.9745595022190767
505,Phenylpropanoids and polyketides,Yes,stratf,6.0,8418,50508,0.9803941949790133,0.9375742456640532,0.9390344891846738
506,Acetylides,Yes,ObyO,1.3,14,65,0.9923361522198731,0.8772727272727273,0.9285714285714286
507,Alkaloids and derivatives,Yes,ObyO,1.3,1092,1419,0.9901338971106414,0.918435246923619,0.9253034436872296
508,Allenes,Yes,ObyO,1.3,7,65,1.0,0.9920634920634921,0.8020833333333333
509,Benzenoids,Yes,ObyO,1.3,10146,13189,0.952022902167185,0.7721298240311492,0.8172176574178243
510,Hydrocarbon derivatives,Yes,ObyO,1.3,35,65,0.9961240310077519,0.8524531024531026,0.7738486842105263
511,Hydrocarbons,Yes,ObyO,1.3,612,795,0.9954094216302872,0.9766709828585523,0.9740643875708326
512,"Lignans, neolignans and related compounds",Yes,ObyO,1.3,286,371,0.9986531931565888,0.9497041227840123,0.9337831979341413
513,Lipids and lipid-like molecules,Yes,ObyO,1.3,133382,59878,0.9810908806073594,0.9701686316532543,0.9711180841762532
514,"Nucleosides, nucleotides, and analogues",Yes,ObyO,1.3,935,1215,0.9989711934156379,0.9121021294744054,0.9678778730210074
515,"Organic 1,3-dipolar compounds",Yes,ObyO,1.3,66,85,1.0,0.9011792804896253,0.9554367201426025
516,Organic Polymers,Yes,ObyO,1.3,1635,2125,0.999882297551789,0.9911033227458548,0.992962487228142
517,Organic acids and derivatives,Yes,ObyO,1.3,12177,15830,0.979338336524087,0.8481878792590011,0.8854733751749428
518,Organic compounds - Unspecified,Yes,ObyO,1.3,19,65,1.0,0.693001443001443,0.734375
519,Organic nitrogen compounds,Yes,ObyO,1.3,1200,1560,0.9938942307692308,0.8530128205128206,0.884114346867298
520,Organic oxygen compounds,Yes,ObyO,1.3,8094,10522,0.978716246531981,0.7517590738981079,0.8753718226680667
521,Organic salts,Yes,ObyO,1.3,43,65,0.9961240310077519,0.9646464646464646,0.9761904761904762
522,Organohalogen compounds,Yes,ObyO,1.3,218,283,1.0,0.980763618663226,0.9785415997430131
523,Organoheterocyclic compounds,Yes,ObyO,1.3,14296,18584,0.9089811103368156,0.7254547918771328,0.8070321545485701
524,Organometallic compounds,Yes,ObyO,1.3,77,100,1.0,0.9524201288907171,0.9664864864864865
525,Organophosphorus compounds,Yes,ObyO,1.3,27,65,1.0,0.9814814814814815,1.0
526,Organosulfur compounds,Yes,ObyO,1.3,481,625,0.9991996787185636,0.9627218390876857,0.9555234042553191
527,Phenylpropanoids and polyketides,Yes,ObyO,1.3,8418,10943,0.9780091061479808,0.8821020752959695,0.9063255639592593
528,Acetylides,Yes,ObyO,1.5,14,75,1.0,0.9266666666666666,0.915057915057915
529,Alkaloids and derivatives,Yes,ObyO,1.5,1092,1638,0.9944291819291818,0.9184981684981685,0.9212727061889072
530,Allenes,Yes,ObyO,1.5,7,75,0.94,0.9133333333333332,0.8783783783783784
531,Benzenoids,Yes,ObyO,1.5,10146,15219,0.9557953873447665,0.7712234706616728,0.8115766268930077
532,Hydrocarbon derivatives,Yes,ObyO,1.5,35,75,1.0,0.8500000000000001,0.8150782361308677
533,Hydrocarbons,Yes,ObyO,1.5,612,918,0.9960511982570806,0.9784858387799565,0.9786287452274639
534,"Lignans, neolignans and related compounds",Yes,ObyO,1.5,286,429,0.9988344988344989,0.9457610006952112,0.9312354312354312
535,Lipids and lipid-like molecules,Yes,ObyO,1.5,133382,59878,0.9810908806073594,0.9701686316532543,0.9711180841762532
536,"Nucleosides, nucleotides, and analogues",Yes,ObyO,1.5,935,1402,0.9998215560314061,0.9306041425129536,0.9617171975157137
537,"Organic 1,3-dipolar compounds",Yes,ObyO,1.5,66,99,1.0,0.9116161616161617,0.9646464646464646
538,Organic Polymers,Yes,ObyO,1.5,1635,2452,0.9996940024479803,0.9910248204252898,0.994264569561891
539,Organic acids and derivatives,Yes,ObyO,1.5,12177,18265,0.9788189935691217,0.8502883292848203,0.8835707882269173
540,Organic compounds - Unspecified,Yes,ObyO,1.5,19,75,1.0,0.7534920634920635,0.672972972972973
541,Organic nitrogen compounds,Yes,ObyO,1.5,1200,1800,0.9938194444444445,0.8520833333333334,0.8813172194116545
542,Organic oxygen compounds,Yes,ObyO,1.5,8094,12141,0.9755580265217033,0.7632196688905362,0.872597125934511
543,Organic salts,Yes,ObyO,1.5,43,75,1.0,0.9933333333333333,0.9864864864864865
544,Organohalogen compounds,Yes,ObyO,1.5,218,327,1.0,0.9778601650538311,0.9756185710314151
545,Organoheterocyclic compounds,Yes,ObyO,1.5,14296,21444,0.9105810195250822,0.7298424666149751,0.8062496313648542
546,Organometallic compounds,Yes,ObyO,1.5,77,115,1.0,0.9612010796221323,0.9242068155111633
547,Organophosphorus compounds,Yes,ObyO,1.5,27,75,1.0,0.9814814814814815,1.0
548,Organosulfur compounds,Yes,ObyO,1.5,481,721,0.998612554862555,0.9597719148847824,0.9580606132145071
549,Phenylpropanoids and polyketides,Yes,ObyO,1.5,8418,12627,0.9781222776589847,0.8838203848895224,0.9058721995237504
550,Acetylides,Yes,ObyO,2.0,14,100,0.9449344188150158,0.8819964349376114,0.8585714285714285
551,Alkaloids and derivatives,Yes,ObyO,2.0,1092,2184,0.9866071428571429,0.9152930402930403,0.9191824237215298
552,Allenes,Yes,ObyO,2.0,7,100,1.0,0.9949494949494949,0.8033333333333332
553,Benzenoids,Yes,ObyO,2.0,10146,20292,0.9463951310861423,0.7634289375123201,0.8137418909151612
554,Hydrocarbon derivatives,Yes,ObyO,2.0,35,100,1.0,0.8515300059417706,0.743157894736842
555,Hydrocarbons,Yes,ObyO,2.0,612,1224,0.9969362745098039,0.9816176470588237,0.9806712288875947
556,"Lignans, neolignans and related compounds",Yes,ObyO,2.0,286,572,0.9925703004401937,0.9396158644866967,0.9501748251748252
557,Lipids and lipid-like molecules,Yes,ObyO,2.0,133382,59878,0.9810908806073594,0.9701686316532543,0.9711180841762532
558,"Nucleosides, nucleotides, and analogues",Yes,ObyO,2.0,935,1870,0.9990639922115915,0.9240294807015065,0.9564871681105948
559,"Organic 1,3-dipolar compounds",Yes,ObyO,2.0,66,132,0.9981060606060606,0.8977272727272728,0.875
560,Organic Polymers,Yes,ObyO,2.0,1635,3270,0.999770642201835,0.9941896024464832,0.9955395694371723
561,Organic acids and derivatives,Yes,ObyO,2.0,12177,24354,0.9769237086310257,0.8487928061098793,0.8847606200251867
562,Organic compounds - Unspecified,Yes,ObyO,2.0,19,100,1.0,0.7116967999320941,0.54
563,Organic nitrogen compounds,Yes,ObyO,2.0,1200,2400,0.9929166666666666,0.8483333333333333,0.8735209387296234
564,Organic oxygen compounds,Yes,ObyO,2.0,8094,16188,0.9741784037558685,0.7723313565604152,0.8742104035733667
565,Organic salts,Yes,ObyO,2.0,43,100,1.0,0.9660894660894662,0.9423809523809523
566,Organohalogen compounds,Yes,ObyO,2.0,218,436,1.0,0.980498915306426,0.9669516263552961
567,Organoheterocyclic compounds,Yes,ObyO,2.0,14296,28592,0.9039325001741546,0.7245543550023271,0.8115168441068022
568,Organometallic compounds,Yes,ObyO,2.0,77,154,0.9983660130718954,0.9480216189039719,0.9432256932256933
569,Organophosphorus compounds,Yes,ObyO,2.0,27,100,1.0,0.9950980392156863,1.0
570,Organosulfur compounds,Yes,ObyO,2.0,481,962,0.9987003504672898,0.9636146605296595,0.9505109037023931
571,Phenylpropanoids and polyketides,Yes,ObyO,2.0,8418,16836,0.9774293181278214,0.8861665478736042,0.9054363384367934
572,Acetylides,Yes,ObyO,3.0,14,150,0.9633333333333334,0.8833333333333333,0.8885714285714286
573,Alkaloids and derivatives,Yes,ObyO,3.0,1092,3276,0.97748778998779,0.9065934065934066,0.9228918970539082
574,Allenes,Yes,ObyO,3.0,7,150,0.9616666666666666,0.9199999999999999,0.9266666666666667
575,Benzenoids,Yes,ObyO,3.0,10146,30438,0.9373316249425061,0.7512155857809318,0.8072250843392179
576,Hydrocarbon derivatives,Yes,ObyO,3.0,35,150,1.0,0.8799999999999999,0.6775438596491228
577,Hydrocarbons,Yes,ObyO,3.0,612,1836,0.9978213507625272,0.9858387799564271,0.9807912163765395
578,"Lignans, neolignans and related compounds",Yes,ObyO,3.0,286,858,0.9883449883449883,0.9475337893101052,0.956876456876457
579,Lipids and lipid-like molecules,Yes,ObyO,3.0,133382,59878,0.9810908806073594,0.9701686316532543,0.9711180841762532
580,"Nucleosides, nucleotides, and analogues",Yes,ObyO,3.0,935,2805,0.9990196078431373,0.9474083857004226,0.949179568611883
581,"Organic 1,3-dipolar compounds",Yes,ObyO,3.0,66,198,1.0,0.8863636363636364,0.8813131313131313
582,Organic Polymers,Yes,ObyO,3.0,1635,4905,0.9996941896024465,0.9953109072375127,0.9962108852313054
583,Organic acids and derivatives,Yes,ObyO,3.0,12177,36531,0.9756371301086748,0.844953601051162,0.8835529289653177
584,Organic compounds - Unspecified,Yes,ObyO,3.0,19,150,1.0,0.731904761904762,0.53
585,Organic nitrogen compounds,Yes,ObyO,3.0,1200,3600,0.9824999999999999,0.8466666666666667,0.8864537661607645
586,Organic oxygen compounds,Yes,ObyO,3.0,8094,24282,0.9708425994563875,0.7879705131373033,0.8661571058378157
587,Organic salts,Yes,ObyO,3.0,43,150,0.9883333333333333,0.9866666666666667,0.9733333333333334
588,Organohalogen compounds,Yes,ObyO,3.0,218,654,1.0,0.9770319285604568,0.9726855713094246
589,Organoheterocyclic compounds,Yes,ObyO,3.0,14296,42888,0.8984971538095875,0.7297958090627978,0.8473237042059141
590,Organometallic compounds,Yes,ObyO,3.0,77,231,0.9989177489177489,0.9389510489510489,0.932958932958933
591,Organophosphorus compounds,Yes,ObyO,3.0,27,150,0.9899999999999999,0.96,0.9866666666666667
592,Organosulfur compounds,Yes,ObyO,3.0,481,1443,0.9842342342342342,0.9580647686625947,0.9592161719821295
593,Phenylpropanoids and polyketides,Yes,ObyO,3.0,8418,25254,0.9754692325968163,0.8851271085768592,0.896679261138096
594,Acetylides,Yes,ObyO,4.0,14,200,0.9524744697564808,0.8493743404191165,0.8685714285714285
595,Alkaloids and derivatives,Yes,ObyO,4.0,1092,4368,0.974187271062271,0.9043040293040292,0.9204345468311949
596,Allenes,Yes,ObyO,4.0,7,200,0.9675214154789961,0.9371702095582691,0.9550000000000001
597,Benzenoids,Yes,ObyO,4.0,10146,40584,0.9320976246796767,0.7490759905381431,0.8270307785609382
598,Hydrocarbon derivatives,Yes,ObyO,4.0,35,200,1.0,0.8490125131916176,0.7105263157894737
599,Hydrocarbons,Yes,ObyO,4.0,612,2448,0.9978553921568628,0.9875408496732025,0.9804346243447875
600,"Lignans, neolignans and related compounds",Yes,ObyO,4.0,286,1144,0.9857939202553809,0.9470608841253275,0.9632867132867133
601,Lipids and lipid-like molecules,Yes,ObyO,4.0,133382,59878,0.9810908806073594,0.9701686316532543,0.9711180841762532
602,"Nucleosides, nucleotides, and analogues",Yes,ObyO,4.0,935,3740,0.9992646075678566,0.9487851909177397,0.9449910095042384
603,"Organic 1,3-dipolar compounds",Yes,ObyO,4.0,66,264,0.9848484848484849,0.8920454545454546,0.9337121212121212
604,Organic Polymers,Yes,ObyO,4.0,1635,6540,0.9997706422018348,0.9953363914373089,0.9959305590335481
605,Organic acids and derivatives,Yes,ObyO,4.0,12177,48708,0.9747526073745586,0.8462059620596206,0.8838008564248823
606,Organic compounds - Unspecified,Yes,ObyO,4.0,19,200,0.9550181423708525,0.692872218991622,0.77
607,Organic nitrogen compounds,Yes,ObyO,4.0,1200,4800,0.9790625,0.8492708333333333,0.8894745994940978
608,Organic oxygen compounds,Yes,ObyO,4.0,8094,32376,0.9689507659995057,0.7947862614282185,0.8653556303623096
609,Organic salts,Yes,ObyO,4.0,43,200,0.9937530393147046,0.9848861751846827,0.99
610,Organohalogen compounds,Yes,ObyO,4.0,218,872,1.0,0.9775735906152904,0.9732589658048374
611,Organoheterocyclic compounds,Yes,ObyO,4.0,14296,57184,0.9061098977779031,0.742610253629945,0.8665373665236197
612,Organometallic compounds,Yes,ObyO,4.0,77,308,0.9991869918699187,0.9399424504678645,0.9902597402597403
613,Organophosphorus compounds,Yes,ObyO,4.0,27,200,0.9924812030075189,0.9799864314789688,0.995
614,Organosulfur compounds,Yes,ObyO,4.0,481,1924,0.982848230530936,0.9511450890157663,0.9604668907860396
615,Phenylpropanoids and polyketides,Yes,ObyO,4.0,8418,33672,0.9742738774055595,0.8810584461867427,0.8967276551280954
616,Acetylides,Yes,ObyO,5.0,14,250,0.9709977635091264,0.896839739912029,0.8845714285714286
617,Alkaloids and derivatives,Yes,ObyO,5.0,1092,5460,0.9692307692307692,0.901098901098901,0.9171071479730697
618,Allenes,Yes,ObyO,5.0,7,250,0.9690017555250945,0.9298384012239435,0.7853333333333333
619,Benzenoids,Yes,ObyO,5.0,10146,50730,0.9243692095407057,0.7511334516065444,0.8466832000539866
620,Hydrocarbon derivatives,Yes,ObyO,5.0,35,250,1.0,0.8584663328639232,0.7208421052631578
621,Hydrocarbons,Yes,ObyO,5.0,612,3060,0.9984477124183005,0.9887254901960785,0.9825341357665178
622,"Lignans, neolignans and related compounds",Yes,ObyO,5.0,286,1430,0.9846186194906225,0.942302252192944,0.9503496503496502
623,Lipids and lipid-like molecules,Yes,ObyO,5.0,133382,59878,0.9810908806073594,0.9701686316532543,0.9711180841762532
624,"Nucleosides, nucleotides, and analogues",Yes,ObyO,5.0,935,4675,0.9983427996876478,0.9490839742718388,0.9444118814655675
625,"Organic 1,3-dipolar compounds",Yes,ObyO,5.0,66,330,0.9772727272727272,0.8924242424242426,0.9378787878787879
626,Organic Polymers,Yes,ObyO,5.0,1635,8175,0.9998165137614677,0.9951681957186546,0.9952643400793741
627,Organic acids and derivatives,Yes,ObyO,5.0,12177,60885,0.9734745832306807,0.8508006898250802,0.8831443102168302
628,Organic compounds - Unspecified,Yes,ObyO,5.0,19,250,0.9530156554361158,0.6487139032319755,0.808
629,Organic nitrogen compounds,Yes,ObyO,5.0,1200,6000,0.9770416666666666,0.8495,0.8869439291736931
630,Organic oxygen compounds,Yes,ObyO,5.0,8094,40470,0.9683036817395602,0.8041388682975043,0.8653775116788176
631,Organic salts,Yes,ObyO,5.0,43,250,1.0,0.9621581564352649,0.9761904761904762
632,Organohalogen compounds,Yes,ObyO,5.0,218,1090,0.9949542315742139,0.9784382284382285,0.979441201000834
633,Organoheterocyclic compounds,Yes,ObyO,5.0,14296,71480,0.9142555675467241,0.7936613811838603,0.8894762773500793
634,Organometallic compounds,Yes,ObyO,5.0,77,385,0.9987004499027238,0.9441094277976546,0.9799929799929801
635,Organophosphorus compounds,Yes,ObyO,5.0,27,250,0.995995959887454,0.9779116465863454,0.996
636,Organosulfur compounds,Yes,ObyO,5.0,481,2405,0.9838884023046978,0.9580238379626237,0.9672136948732694
637,Phenylpropanoids and polyketides,Yes,ObyO,5.0,8418,42090,0.9691197434069849,0.8801140413399858,0.917553162044396
638,Acetylides,Yes,ObyO,6.0,14,300,0.9633333333333334,0.8933333333333334,0.8852380952380952
639,Alkaloids and derivatives,Yes,ObyO,6.0,1092,6552,0.9699328449328449,0.9013278388278388,0.9150926664893145
640,Allenes,Yes,ObyO,6.0,7,300,0.9741666666666666,0.9466666666666667,0.8033333333333332
641,Benzenoids,Yes,ObyO,6.0,10146,60876,0.9272126946579933,0.7461068401340429,0.8495674414805107
642,Hydrocarbon derivatives,Yes,ObyO,6.0,35,300,1.0,0.8805555555555555,0.7071929824561403
643,Hydrocarbons,Yes,ObyO,6.0,612,3672,0.9986383442265795,0.9891067538126362,0.9831060311913544
644,"Lignans, neolignans and related compounds",Yes,ObyO,6.0,286,1716,0.9829545454545454,0.9382097799860958,0.9493006993006993
645,Lipids and lipid-like molecules,Yes,ObyO,6.0,133382,59878,0.9810908806073594,0.9701686316532543,0.9711180841762532
646,"Nucleosides, nucleotides, and analogues",Yes,ObyO,6.0,935,5610,0.9995098039215686,0.9463445692025226,0.9426962924907955
647,"Organic 1,3-dipolar compounds",Yes,ObyO,6.0,66,396,0.9810606060606061,0.9065656565656566,0.946969696969697
648,Organic Polymers,Yes,ObyO,6.0,1635,9810,0.9998470948012232,0.99434250764526,0.9944008114472749
649,Organic acids and derivatives,Yes,ObyO,6.0,12177,73062,0.9646293558895184,0.8632257534696558,0.9189115866738347
650,Organic compounds - Unspecified,Yes,ObyO,6.0,19,300,0.9683333333333334,0.7162698412698413,0.8300000000000001
651,Organic nitrogen compounds,Yes,ObyO,6.0,1200,7200,0.9775694444444444,0.8566666666666666,0.8841528480419711
652,Organic oxygen compounds,Yes,ObyO,6.0,8094,48564,0.9672082200807183,0.8078000164731076,0.8641851940568037
653,Organic salts,Yes,ObyO,6.0,43,300,0.9941666666666666,0.9730952380952381,0.99
654,Organohalogen compounds,Yes,ObyO,6.0,218,1308,0.9935015290519879,0.9843272171253824,0.9817347789824854
655,Organoheterocyclic compounds,Yes,ObyO,6.0,14296,85776,0.922618165934631,0.8072244794074912,0.9015579656801109
656,Organometallic compounds,Yes,ObyO,6.0,77,462,0.9994588744588745,0.9437928737928738,0.9935064935064934
657,Organophosphorus compounds,Yes,ObyO,6.0,27,300,0.9975,0.98,0.98
658,Organosulfur compounds,Yes,ObyO,6.0,481,2886,0.9827616077616077,0.9591258183649488,0.965848336061102
659,Phenylpropanoids and polyketides,Yes,ObyO,6.0,8418,50508,0.9679258731290092,0.8788904727963885,0.9211913757955783
